Experimento,Rank-1 (%),EER (%),TAR @ FAR=1% (%),TAR @ FAR=0.1% (%)
ORL original — CE,100.0,0.07,100.0,99.93
CLAHE x2 — CE,97.5,2.16,95.21,79.72
CLAHE x2 — ArcFace,92.5,4.29,91.32,74.58
CLAHE x4 — CE,62.5,0.01,100.0,100.0
CLAHE x4 — ArcFace,85.0,3.47,94.1,75.97
SR x2 — CE,92.5,0.0,100.0,100.0
SR x2 — ArcFace,95.0,2.68,94.86,85.69
SR x4 — CE,82.5,0.0,100.0,100.0
SR x4 — ArcFace,95.0,0.87,99.31,95.42
Lite-ERSGAN x2 — CE,,0.0,100.0,100.0
Lite-ERSGAN x2 — ArcFace,,2.58,95.0,81.11
Lite-ERSGAN x4 — CE,,0.0,100.0,100.0
Lite-ERSGAN x4 — ArcFace,,4.05,89.58,75.42
